{
	"$schema": "http://schema.management.azure.com/schemas/2015-01-01/deploymentTemplate.json#",
	"contentVersion": "1.0.0.0",
	"parameters": {
		"factoryName": {
			"type": "string",
			"metadata": "Data Factory name"
		},
		"PostgreSql1": {
			"type": "string"
		},
		"AzureDataLakeStorage1": {
			"type": "string"
		}
	},
	"variables": {
		"factoryId": "[concat('Microsoft.DataFactory/factories/', parameters('factoryName'))]"
	},
	"resources": [
		{
			"name": "[concat(parameters('factoryName'), '/ingest-postgreSQL-pipeline')]",
			"type": "Microsoft.DataFactory/factories/pipelines",
			"apiVersion": "2018-06-01",
			"properties": {
				"activities": [
					{
						"name": "ingest-postgreSQL",
						"type": "Copy",
						"dependsOn": [],
						"policy": {
							"timeout": "0.12:00:00",
							"retry": 0,
							"retryIntervalInSeconds": 30,
							"secureOutput": false,
							"secureInput": false
						},
						"userProperties": [],
						"typeProperties": {
							"source": {
								"type": "PostgreSqlV2Source"
							},
							"sink": {
								"type": "DelimitedTextSink",
								"storeSettings": {
									"type": "AzureBlobFSWriteSettings"
								},
								"formatSettings": {
									"type": "DelimitedTextWriteSettings",
									"quoteAllText": true,
									"fileExtension": ".txt"
								}
							},
							"enableStaging": false,
							"translator": {
								"type": "TabularTranslator",
								"typeConversion": true,
								"typeConversionSettings": {
									"allowDataTruncation": true,
									"treatBooleanAsNumber": false
								}
							}
						},
						"inputs": [
							{
								"referenceName": "PostgreSqlTable1",
								"type": "DatasetReference",
								"parameters": {
									"table": {
										"value": "@pipeline().parameters.table_name",
										"type": "Expression"
									}
								}
							}
						],
						"outputs": [
							{
								"referenceName": "postgreSQLOutput",
								"type": "DatasetReference"
							}
						]
					}
				],
				"parameters": {
					"table_name": {
						"type": "string"
					}
				},
				"annotations": [],
				"lastPublishTime": "2024-12-17T14:11:27Z"
			},
			"dependsOn": [
				"[concat(variables('factoryId'), '/datasets/PostgreSqlTable1')]",
				"[concat(variables('factoryId'), '/datasets/postgreSQLOutput')]"
			]
		},
		{
			"name": "[concat(parameters('factoryName'), '/PostgreSqlTable1')]",
			"type": "Microsoft.DataFactory/factories/datasets",
			"apiVersion": "2018-06-01",
			"properties": {
				"linkedServiceName": {
					"referenceName": "[parameters('PostgreSql1')]",
					"type": "LinkedServiceReference"
				},
				"parameters": {
					"table": {
						"type": "string"
					}
				},
				"annotations": [],
				"type": "PostgreSqlV2Table",
				"schema": [],
				"typeProperties": {
					"schema": "public",
					"table": {
						"value": "@dataset().table",
						"type": "Expression"
					}
				}
			},
			"dependsOn": []
		},
		{
			"name": "[concat(parameters('factoryName'), '/postgreSQLOutput')]",
			"type": "Microsoft.DataFactory/factories/datasets",
			"apiVersion": "2018-06-01",
			"properties": {
				"linkedServiceName": {
					"referenceName": "[parameters('AzureDataLakeStorage1')]",
					"type": "LinkedServiceReference"
				},
				"annotations": [],
				"type": "DelimitedText",
				"typeProperties": {
					"location": {
						"type": "AzureBlobFSLocation",
						"fileName": {
							"value": "@concat('postgresOutput_', string(rand(-100, 100)),'-', utcNow())\n",
							"type": "Expression"
						},
						"folderPath": {
							"value": "@concat('postgreSQL-raw/', formatDateTime(utcnow(),'yyyy-MM-dd'))\r\n",
							"type": "Expression"
						},
						"fileSystem": "bronzelayer"
					},
					"columnDelimiter": ",",
					"escapeChar": "\\",
					"firstRowAsHeader": true,
					"quoteChar": "\""
				},
				"schema": []
			},
			"dependsOn": []
		}
	]
}