{
	"$schema": "http://schema.management.azure.com/schemas/2015-01-01/deploymentTemplate.json#",
	"contentVersion": "1.0.0.0",
	"parameters": {
		"factoryName": {
			"type": "string",
			"metadata": "Data Factory name"
		},
		"AzureDataLakeStorage1": {
			"type": "string"
		},
		"AzureSqlDatabase1": {
			"type": "string"
		}
	},
	"variables": {
		"factoryId": "[concat('Microsoft.DataFactory/factories/', parameters('factoryName'))]"
	},
	"resources": [
		{
			"name": "[concat(parameters('factoryName'), '/move data to sql')]",
			"type": "Microsoft.DataFactory/factories/pipelines",
			"apiVersion": "2018-06-01",
			"properties": {
				"activities": [
					{
						"name": "flight Copy data from data lake to sql",
						"type": "Copy",
						"dependsOn": [
							{
								"activity": "airport Copy data from data lake to sql_copy1",
								"dependencyConditions": [
									"Succeeded"
								]
							}
						],
						"policy": {
							"timeout": "0.12:00:00",
							"retry": 0,
							"retryIntervalInSeconds": 30,
							"secureOutput": false,
							"secureInput": false
						},
						"userProperties": [],
						"typeProperties": {
							"source": {
								"type": "ParquetSource",
								"storeSettings": {
									"type": "AzureBlobFSReadSettings",
									"recursive": true,
									"wildcardFolderPath": "sampleDatasets/flights2",
									"wildcardFileName": "*.parquet",
									"enablePartitionDiscovery": false
								},
								"formatSettings": {
									"type": "ParquetReadSettings"
								}
							},
							"sink": {
								"type": "AzureSqlSink",
								"writeBehavior": "upsert",
								"upsertSettings": {
									"useTempDB": true,
									"keys": [
										"Date"
									]
								},
								"sqlWriterUseTableLock": false,
								"disableMetricsCollection": false
							},
							"enableStaging": false,
							"translator": {
								"type": "TabularTranslator",
								"typeConversion": true,
								"typeConversionSettings": {
									"allowDataTruncation": true,
									"treatBooleanAsNumber": false
								}
							}
						},
						"inputs": [
							{
								"referenceName": "Parquet1",
								"type": "DatasetReference"
							}
						],
						"outputs": [
							{
								"referenceName": "AzureSqlTable1",
								"type": "DatasetReference",
								"parameters": {
									"table": "dim_flight"
								}
							}
						]
					},
					{
						"name": "airport Copy data from data lake to sql_copy1",
						"type": "Copy",
						"dependsOn": [],
						"policy": {
							"timeout": "0.12:00:00",
							"retry": 0,
							"retryIntervalInSeconds": 30,
							"secureOutput": false,
							"secureInput": false
						},
						"userProperties": [],
						"typeProperties": {
							"source": {
								"type": "ParquetSource",
								"storeSettings": {
									"type": "AzureBlobFSReadSettings",
									"recursive": true,
									"wildcardFolderPath": "sampleDatasets/airport",
									"wildcardFileName": "*.parquet",
									"enablePartitionDiscovery": false
								},
								"formatSettings": {
									"type": "ParquetReadSettings"
								}
							},
							"sink": {
								"type": "AzureSqlSink",
								"writeBatchSize": 10000,
								"writeBehavior": "upsert",
								"upsertSettings": {
									"useTempDB": true,
									"keys": [
										"code"
									]
								},
								"sqlWriterUseTableLock": true,
								"disableMetricsCollection": false
							},
							"enableStaging": false,
							"translator": {
								"type": "TabularTranslator",
								"mappings": [
									{
										"source": {
											"name": "code",
											"type": "String",
											"physicalType": "UTF8"
										},
										"sink": {
											"name": "code",
											"type": "String",
											"physicalType": "varchar"
										}
									},
									{
										"source": {
											"name": "description",
											"type": "String",
											"physicalType": "UTF8"
										},
										"sink": {
											"name": "description",
											"type": "String",
											"physicalType": "varchar"
										}
									},
									{
										"source": {
											"name": "city",
											"type": "String",
											"physicalType": "UTF8"
										},
										"sink": {
											"name": "city",
											"type": "String",
											"physicalType": "varchar"
										}
									},
									{
										"source": {
											"name": "state",
											"type": "String",
											"physicalType": "UTF8"
										},
										"sink": {
											"name": "state",
											"type": "String",
											"physicalType": "varchar"
										}
									},
									{
										"source": {
											"name": "airport_name",
											"type": "String",
											"physicalType": "UTF8"
										},
										"sink": {
											"name": "airport_name",
											"type": "String",
											"physicalType": "varchar"
										}
									}
								],
								"typeConversion": true,
								"typeConversionSettings": {
									"allowDataTruncation": true,
									"treatBooleanAsNumber": false
								}
							}
						},
						"inputs": [
							{
								"referenceName": "Parquet1",
								"type": "DatasetReference"
							}
						],
						"outputs": [
							{
								"referenceName": "AzureSqlTable1",
								"type": "DatasetReference",
								"parameters": {
									"table": "dim_airport"
								}
							}
						]
					},
					{
						"name": "sendemail",
						"type": "Copy",
						"dependsOn": [
							{
								"activity": "flight Copy data from data lake to sql",
								"dependencyConditions": [
									"Succeeded"
								]
							}
						],
						"policy": {
							"timeout": "0.12:00:00",
							"retry": 0,
							"retryIntervalInSeconds": 30,
							"secureOutput": false,
							"secureInput": false
						},
						"userProperties": [],
						"typeProperties": {
							"source": {
								"type": "ExcelSource",
								"storeSettings": {
									"type": "AzureBlobFSReadSettings",
									"recursive": true,
									"enablePartitionDiscovery": false
								}
							},
							"sink": {
								"type": "AzureSqlSink",
								"writeBehavior": "upsert",
								"upsertSettings": {
									"useTempDB": true,
									"keys": [
										"Email_ID"
									]
								},
								"sqlWriterUseTableLock": false,
								"disableMetricsCollection": false
							},
							"enableStaging": false,
							"translator": {
								"type": "TabularTranslator",
								"mappings": [
									{
										"source": {
											"name": "type",
											"type": "String",
											"physicalType": "String"
										},
										"sink": {
											"name": "type",
											"type": "String",
											"physicalType": "varchar"
										}
									},
									{
										"source": {
											"name": "Email_ID",
											"type": "String",
											"physicalType": "String"
										},
										"sink": {
											"name": "Email_ID",
											"type": "String",
											"physicalType": "varchar"
										}
									}
								],
								"typeConversion": true,
								"typeConversionSettings": {
									"allowDataTruncation": true,
									"treatBooleanAsNumber": false
								}
							}
						},
						"inputs": [
							{
								"referenceName": "send_emailExcel1",
								"type": "DatasetReference"
							}
						],
						"outputs": [
							{
								"referenceName": "AzureSqlEMAILsend",
								"type": "DatasetReference"
							}
						]
					},
					{
						"name": "trigger send email",
						"type": "WebActivity",
						"dependsOn": [
							{
								"activity": "sendemail",
								"dependencyConditions": [
									"Succeeded"
								]
							}
						],
						"policy": {
							"timeout": "0.12:00:00",
							"retry": 0,
							"retryIntervalInSeconds": 30,
							"secureOutput": false,
							"secureInput": false
						},
						"userProperties": [],
						"typeProperties": {
							"method": "POST",
							"url": "https://prod-19.centralindia.logic.azure.com:443/workflows/bd9b049749c44edbbf838813b193125d/triggers/When_a_HTTP_request_is_received/paths/invoke?api-version=2016-10-01&sp=%2Ftriggers%2FWhen_a_HTTP_request_is_received%2Frun&sv=1.0&sig=6DOvI-UPCXpI5nkAO-emPFxZkulH9MnoOjuJP4eEPJw"
						}
					}
				],
				"variables": {
					"tables": {
						"type": "Array"
					},
					"catalog": {
						"type": "String"
					}
				},
				"annotations": []
			},
			"dependsOn": [
				"[concat(variables('factoryId'), '/datasets/Parquet1')]",
				"[concat(variables('factoryId'), '/datasets/AzureSqlTable1')]",
				"[concat(variables('factoryId'), '/datasets/send_emailExcel1')]",
				"[concat(variables('factoryId'), '/datasets/AzureSqlEMAILsend')]"
			]
		},
		{
			"name": "[concat(parameters('factoryName'), '/Parquet1')]",
			"type": "Microsoft.DataFactory/factories/datasets",
			"apiVersion": "2018-06-01",
			"properties": {
				"linkedServiceName": {
					"referenceName": "[parameters('AzureDataLakeStorage1')]",
					"type": "LinkedServiceReference"
				},
				"annotations": [],
				"type": "Parquet",
				"typeProperties": {
					"location": {
						"type": "AzureBlobFSLocation",
						"folderPath": "tmpdata",
						"fileSystem": "goldlayer"
					},
					"compressionCodec": "none"
				},
				"schema": []
			},
			"dependsOn": []
		},
		{
			"name": "[concat(parameters('factoryName'), '/AzureSqlTable1')]",
			"type": "Microsoft.DataFactory/factories/datasets",
			"apiVersion": "2018-06-01",
			"properties": {
				"linkedServiceName": {
					"referenceName": "[parameters('AzureSqlDatabase1')]",
					"type": "LinkedServiceReference"
				},
				"parameters": {
					"table": {
						"type": "string"
					}
				},
				"annotations": [],
				"type": "AzureSqlTable",
				"schema": [],
				"typeProperties": {
					"schema": "dbo",
					"table": {
						"value": "@dataset().table",
						"type": "Expression"
					}
				}
			},
			"dependsOn": []
		},
		{
			"name": "[concat(parameters('factoryName'), '/send_emailExcel1')]",
			"type": "Microsoft.DataFactory/factories/datasets",
			"apiVersion": "2018-06-01",
			"properties": {
				"linkedServiceName": {
					"referenceName": "[parameters('AzureDataLakeStorage1')]",
					"type": "LinkedServiceReference"
				},
				"annotations": [],
				"type": "Excel",
				"typeProperties": {
					"sheetName": "Email_Sheet",
					"location": {
						"type": "AzureBlobFSLocation",
						"fileName": "Email_Send.xlsx",
						"fileSystem": "utilies"
					},
					"firstRowAsHeader": true
				},
				"schema": [
					{
						"type": "String"
					},
					{
						"type": "String"
					}
				]
			},
			"dependsOn": []
		},
		{
			"name": "[concat(parameters('factoryName'), '/AzureSqlEMAILsend')]",
			"type": "Microsoft.DataFactory/factories/datasets",
			"apiVersion": "2018-06-01",
			"properties": {
				"linkedServiceName": {
					"referenceName": "[parameters('AzureSqlDatabase1')]",
					"type": "LinkedServiceReference"
				},
				"annotations": [],
				"type": "AzureSqlTable",
				"schema": [],
				"typeProperties": {
					"schema": "dbo",
					"table": "email_send"
				}
			},
			"dependsOn": []
		}
	]
}