{
    "$schema": "https://schema.management.azure.com/schemas/2019-04-01/deploymentTemplate.json#",
    "contentVersion": "1.0.0.0",
    "parameters": {
        "workflows_mylogicapp_name": {
            "defaultValue": "mylogicapp",
            "type": "String"
        },
        "connections_sql_externalid": {
            "defaultValue": "/subscriptions/55e96909-e011-46ce-b1cf-6232a3e379d9/resourceGroups/Resource-grp/providers/Microsoft.Web/connections/sql",
            "type": "String"
        },
        "connections_sendgrid_externalid": {
            "defaultValue": "/subscriptions/55e96909-e011-46ce-b1cf-6232a3e379d9/resourceGroups/Resource-grp/providers/Microsoft.Web/connections/sendgrid",
            "type": "String"
        }
    },
    "variables": {},
    "resources": [
        {
            "type": "Microsoft.Logic/workflows",
            "apiVersion": "2017-07-01",
            "name": "[parameters('workflows_mylogicapp_name')]",
            "location": "centralindia",
            "properties": {
                "state": "Enabled",
                "definition": {
                    "$schema": "https://schema.management.azure.com/providers/Microsoft.Logic/schemas/2016-06-01/workflowdefinition.json#",
                    "contentVersion": "1.0.0.0",
                    "parameters": {
                        "$connections": {
                            "defaultValue": {},
                            "type": "Object"
                        }
                    },
                    "triggers": {
                        "When_a_HTTP_request_is_received": {
                            "type": "Request",
                            "kind": "Http"
                        }
                    },
                    "actions": {
                        "Get_rows_(V2)": {
                            "runAfter": {},
                            "type": "ApiConnection",
                            "inputs": {
                                "host": {
                                    "connection": {
                                        "name": "@parameters('$connections')['sql']['connectionId']"
                                    }
                                },
                                "method": "get",
                                "path": "/v2/datasets/@{encodeURIComponent(encodeURIComponent('default'))},@{encodeURIComponent(encodeURIComponent('default'))}/tables/@{encodeURIComponent(encodeURIComponent('[dbo].[email_send]'))}/items"
                            }
                        },
                        "For_each": {
                            "foreach": "@body('Get_rows_(V2)')?['value']",
                            "actions": {
                                "Send_email_(V4)": {
                                    "runAfter": {
                                        "Create_CSV_table": [
                                            "Succeeded"
                                        ]
                                    },
                                    "type": "ApiConnection",
                                    "inputs": {
                                        "host": {
                                            "connection": {
                                                "name": "@parameters('$connections')['sendgrid']['connectionId']"
                                            }
                                        },
                                        "method": "post",
                                        "body": {
                                            "from": "muthyalaprasad1@gmail.com",
                                            "to": "@item()?['email']",
                                            "subject": "pipeline success!!!",
                                            "text": "<p class=\"editor-paragraph\">Dear user,<br><br>I hope this email finds you well.<br><br>Could you kindly review the latest updated files and provide your feedback? Additionally, I have attached a sample airport file for your reference. Please make the necessary improvements to ensure its proficiency and readiness for further use.<br><br>Thank you for your attention to this matter. I look forward to your valuable input.</p>",
                                            "ishtml": true
                                        },
                                        "path": "/v4/mail/send"
                                    }
                                },
                                "Execute_a_SQL_query_(V2)": {
                                    "type": "ApiConnection",
                                    "inputs": {
                                        "host": {
                                            "connection": {
                                                "name": "@parameters('$connections')['sql']['connectionId']"
                                            }
                                        },
                                        "method": "post",
                                        "body": {
                                            "query": "select * from dbo.dim_airport;"
                                        },
                                        "path": "/v2/datasets/@{encodeURIComponent(encodeURIComponent('default'))},@{encodeURIComponent(encodeURIComponent('default'))}/query/sql"
                                    }
                                },
                                "Create_CSV_table": {
                                    "runAfter": {
                                        "Execute_a_SQL_query_(V2)": [
                                            "Succeeded"
                                        ]
                                    },
                                    "type": "Table",
                                    "inputs": {
                                        "from": "@body('Execute_a_SQL_query_(V2)')?['resultsets']?['Table1']",
                                        "format": "CSV"
                                    }
                                }
                            },
                            "runAfter": {
                                "Get_rows_(V2)": [
                                    "Succeeded"
                                ]
                            },
                            "type": "Foreach"
                        }
                    },
                    "outputs": {}
                },
                "parameters": {
                    "$connections": {
                        "value": {
                            "sql": {
                                "id": "/subscriptions/55e96909-e011-46ce-b1cf-6232a3e379d9/providers/Microsoft.Web/locations/centralindia/managedApis/sql",
                                "connectionId": "[parameters('connections_sql_externalid')]",
                                "connectionName": "sql"
                            },
                            "sendgrid": {
                                "id": "/subscriptions/55e96909-e011-46ce-b1cf-6232a3e379d9/providers/Microsoft.Web/locations/centralindia/managedApis/sendgrid",
                                "connectionId": "[parameters('connections_sendgrid_externalid')]",
                                "connectionName": "sendgrid"
                            }
                        }
                    }
                }
            }
        }
    ]
}