{
	"$schema": "http://schema.management.azure.com/schemas/2015-01-01/deploymentTemplate.json#",
	"contentVersion": "1.0.0.0",
	"parameters": {
		"factoryName": {
			"type": "string",
			"metadata": "Data Factory name"
		},
		"AviationStackAPI": {
			"type": "string"
		},
		"AzureDataLakeStorage1": {
			"type": "string"
		}
	},
	"variables": {
		"factoryId": "[concat('Microsoft.DataFactory/factories/', parameters('factoryName'))]"
	},
	"resources": [
		{
			"name": "[concat(parameters('factoryName'), '/Aviationstack-api-pipeline')]",
			"type": "Microsoft.DataFactory/factories/pipelines",
			"apiVersion": "2018-06-01",
			"properties": {
				"activities": [
					{
						"name": "flights",
						"type": "Copy",
						"dependsOn": [
							{
								"activity": "get-api-key-from-key-vault",
								"dependencyConditions": [
									"Succeeded"
								]
							}
						],
						"policy": {
							"timeout": "0.12:00:00",
							"retry": 0,
							"retryIntervalInSeconds": 30,
							"secureOutput": false,
							"secureInput": false
						},
						"userProperties": [],
						"typeProperties": {
							"source": {
								"type": "RestSource",
								"httpRequestTimeout": "00:01:40",
								"requestInterval": "00.00:00:00.010",
								"requestMethod": "GET",
								"paginationRules": {
									"supportRFC5988": "true"
								}
							},
							"sink": {
								"type": "JsonSink",
								"storeSettings": {
									"type": "AzureBlobFSWriteSettings",
									"overwrite": true
								},
								"formatSettings": {
									"type": "JsonWriteSettings"
								}
							},
							"enableStaging": false
						},
						"inputs": [
							{
								"referenceName": "apiinputdataset",
								"type": "DatasetReference",
								"parameters": {
									"AccessKey": {
										"value": "@activity('get-api-key-from-key-vault').output.value",
										"type": "Expression"
									}
								}
							}
						],
						"outputs": [
							{
								"referenceName": "apioutput",
								"type": "DatasetReference"
							}
						]
					},
					{
						"name": "get-api-key-from-key-vault",
						"type": "WebActivity",
						"dependsOn": [],
						"policy": {
							"timeout": "0.12:00:00",
							"retry": 0,
							"retryIntervalInSeconds": 30,
							"secureOutput": true,
							"secureInput": false
						},
						"userProperties": [],
						"typeProperties": {
							"method": "GET",
							"url": "https://postgressql.vault.azure.net/secrets/aviationstack-api-key/dffd9f0f081941a39c9f197b29ac50fe?api-version=7.0",
							"authentication": {
								"type": "MSI",
								"resource": "https://vault.azure.net"
							}
						}
					}
				],
				"variables": {
					"kk": {
						"type": "String"
					}
				},
				"annotations": [],
				"lastPublishTime": "2024-12-17T15:29:03Z"
			},
			"dependsOn": [
				"[concat(variables('factoryId'), '/datasets/apiinputdataset')]",
				"[concat(variables('factoryId'), '/datasets/apioutput')]"
			]
		},
		{
			"name": "[concat(parameters('factoryName'), '/apiinputdataset')]",
			"type": "Microsoft.DataFactory/factories/datasets",
			"apiVersion": "2018-06-01",
			"properties": {
				"linkedServiceName": {
					"referenceName": "[parameters('AviationStackAPI')]",
					"type": "LinkedServiceReference"
				},
				"parameters": {
					"AccessKey": {
						"type": "string"
					}
				},
				"annotations": [],
				"type": "RestResource",
				"typeProperties": {
					"relativeUrl": {
						"value": "flights?access_key=@{dataset().AccessKey}",
						"type": "Expression"
					}
				},
				"schema": []
			},
			"dependsOn": []
		},
		{
			"name": "[concat(parameters('factoryName'), '/apioutput')]",
			"type": "Microsoft.DataFactory/factories/datasets",
			"apiVersion": "2018-06-01",
			"properties": {
				"linkedServiceName": {
					"referenceName": "[parameters('AzureDataLakeStorage1')]",
					"type": "LinkedServiceReference"
				},
				"annotations": [],
				"type": "Json",
				"typeProperties": {
					"location": {
						"type": "AzureBlobFSLocation",
						"fileName": {
							"value": "@concat(formatDateTime(utcNow(),'yyyy-MM-dd'),'/','JSON-',utcNow())",
							"type": "Expression"
						},
						"folderPath": "Api-response-raw",
						"fileSystem": "bronzelayer"
					}
				},
				"schema": {}
			},
			"dependsOn": []
		}
	]
}