{
	"$schema": "http://schema.management.azure.com/schemas/2015-01-01/deploymentTemplate.json#",
	"contentVersion": "1.0.0.0",
	"parameters": {
		"factoryName": {
			"type": "string",
			"metadata": "Data Factory name"
		},
		"AzureDatabricks1": {
			"type": "string"
		}
	},
	"variables": {
		"factoryId": "[concat('Microsoft.DataFactory/factories/', parameters('factoryName'))]"
	},
	"resources": [
		{
			"name": "[concat(parameters('factoryName'), '/pyspark')]",
			"type": "Microsoft.DataFactory/factories/pipelines",
			"apiVersion": "2018-06-01",
			"properties": {
				"activities": [
					{
						"name": "allNotebooks",
						"type": "DatabricksNotebook",
						"dependsOn": [],
						"policy": {
							"timeout": "0.12:00:00",
							"retry": 0,
							"retryIntervalInSeconds": 30,
							"secureOutput": false,
							"secureInput": false
						},
						"userProperties": [],
						"typeProperties": {
							"notebookPath": "/myProject/master-pipeline",
							"baseParameters": {
								"layer_path": {
									"value": "@pipeline().parameters.layer_path",
									"type": "Expression"
								}
							}
						},
						"linkedServiceName": {
							"referenceName": "[parameters('AzureDatabricks1')]",
							"type": "LinkedServiceReference"
						}
					}
				],
				"parameters": {
					"layer_path": {
						"type": "string"
					}
				},
				"annotations": []
			},
			"dependsOn": []
		}
	]
}