{
	"$schema": "http://schema.management.azure.com/schemas/2015-01-01/deploymentTemplate.json#",
	"contentVersion": "1.0.0.0",
	"parameters": {
		"factoryName": {
			"type": "string",
			"metadata": "Data Factory name"
		},
		"AzureDataLakeStorage1": {
			"type": "string"
		},
		"AviationStackAPI": {
			"type": "string"
		},
		"AzureDatabricks1": {
			"type": "string"
		},
		"PostgreSql1": {
			"type": "string"
		},
		"AzureSqlDatabase1": {
			"type": "string"
		}
	},
	"variables": {
		"factoryId": "[concat('Microsoft.DataFactory/factories/', parameters('factoryName'))]"
	},
	"resources": [
		{
			"name": "[concat(parameters('factoryName'), '/master-pipeline')]",
			"type": "Microsoft.DataFactory/factories/pipelines",
			"apiVersion": "2018-06-01",
			"properties": {
				"activities": [
					{
						"name": "API Pipeline",
						"type": "ExecutePipeline",
						"dependsOn": [
							{
								"activity": "RDBS-pipeline",
								"dependencyConditions": [
									"Succeeded"
								]
							}
						],
						"policy": {
							"secureInput": false
						},
						"userProperties": [],
						"typeProperties": {
							"pipeline": {
								"referenceName": "Aviationstack-api-pipeline",
								"type": "PipelineReference"
							},
							"waitOnCompletion": true
						}
					},
					{
						"name": "ForEach1",
						"type": "ForEach",
						"dependsOn": [
							{
								"activity": "Lookup1",
								"dependencyConditions": [
									"Succeeded"
								]
							}
						],
						"userProperties": [],
						"typeProperties": {
							"items": {
								"value": "@activity('Lookup1').output.value[0].activities\n",
								"type": "Expression"
							},
							"isSequential": true,
							"activities": [
								{
									"name": "pyspark",
									"type": "ExecutePipeline",
									"dependsOn": [],
									"policy": {
										"secureInput": false
									},
									"userProperties": [],
									"typeProperties": {
										"pipeline": {
											"referenceName": "pyspark",
											"type": "PipelineReference"
										},
										"waitOnCompletion": true,
										"parameters": {
											"layer_path": {
												"value": "@item()",
												"type": "Expression"
											}
										}
									}
								},
								{
									"name": "pyspark_copy1",
									"type": "ExecutePipeline",
									"dependsOn": [],
									"policy": {
										"secureInput": false
									},
									"userProperties": [],
									"typeProperties": {
										"pipeline": {
											"referenceName": "pyspark",
											"type": "PipelineReference"
										},
										"waitOnCompletion": true,
										"parameters": {
											"layer_path": {
												"value": "@item()",
												"type": "Expression"
											}
										}
									}
								}
							]
						}
					},
					{
						"name": "Lookup1",
						"type": "Lookup",
						"dependsOn": [
							{
								"activity": "API Pipeline",
								"dependencyConditions": [
									"Succeeded"
								]
							}
						],
						"policy": {
							"timeout": "0.12:00:00",
							"retry": 0,
							"retryIntervalInSeconds": 30,
							"secureOutput": false,
							"secureInput": false
						},
						"userProperties": [],
						"typeProperties": {
							"source": {
								"type": "JsonSource",
								"storeSettings": {
									"type": "AzureBlobFSReadSettings",
									"recursive": true,
									"enablePartitionDiscovery": false
								},
								"formatSettings": {
									"type": "JsonReadSettings"
								}
							},
							"dataset": {
								"referenceName": "Json1",
								"type": "DatasetReference"
							},
							"firstRowOnly": false
						}
					},
					{
						"name": "RDBS-pipeline",
						"type": "ExecutePipeline",
						"dependsOn": [],
						"policy": {
							"secureInput": false
						},
						"userProperties": [],
						"typeProperties": {
							"pipeline": {
								"referenceName": "start-postgreSQL",
								"type": "PipelineReference"
							},
							"waitOnCompletion": true
						}
					},
					{
						"name": "move data to sql",
						"type": "ExecutePipeline",
						"dependsOn": [
							{
								"activity": "ForEach1",
								"dependencyConditions": [
									"Succeeded"
								]
							}
						],
						"policy": {
							"secureInput": false
						},
						"userProperties": [],
						"typeProperties": {
							"pipeline": {
								"referenceName": "move data to sql",
								"type": "PipelineReference"
							},
							"waitOnCompletion": true
						}
					}
				],
				"annotations": []
			},
			"dependsOn": [
				"[concat(variables('factoryId'), '/pipelines/Aviationstack-api-pipeline')]",
				"[concat(variables('factoryId'), '/datasets/Json1')]",
				"[concat(variables('factoryId'), '/pipelines/start-postgreSQL')]",
				"[concat(variables('factoryId'), '/pipelines/move data to sql')]",
				"[concat(variables('factoryId'), '/pipelines/pyspark')]"
			]
		},
		{
			"name": "[concat(parameters('factoryName'), '/Aviationstack-api-pipeline')]",
			"type": "Microsoft.DataFactory/factories/pipelines",
			"apiVersion": "2018-06-01",
			"properties": {
				"activities": [
					{
						"name": "flights",
						"type": "Copy",
						"dependsOn": [
							{
								"activity": "get-api-key-from-key-vault",
								"dependencyConditions": [
									"Succeeded"
								]
							}
						],
						"policy": {
							"timeout": "0.12:00:00",
							"retry": 0,
							"retryIntervalInSeconds": 30,
							"secureOutput": false,
							"secureInput": false
						},
						"userProperties": [],
						"typeProperties": {
							"source": {
								"type": "RestSource",
								"httpRequestTimeout": "00:01:40",
								"requestInterval": "00.00:00:00.010",
								"requestMethod": "GET",
								"paginationRules": {
									"supportRFC5988": "true"
								}
							},
							"sink": {
								"type": "JsonSink",
								"storeSettings": {
									"type": "AzureBlobFSWriteSettings",
									"overwrite": true
								},
								"formatSettings": {
									"type": "JsonWriteSettings"
								}
							},
							"enableStaging": false
						},
						"inputs": [
							{
								"referenceName": "apiinputdataset",
								"type": "DatasetReference",
								"parameters": {
									"AccessKey": {
										"value": "@activity('get-api-key-from-key-vault').output.value",
										"type": "Expression"
									}
								}
							}
						],
						"outputs": [
							{
								"referenceName": "apioutput",
								"type": "DatasetReference"
							}
						]
					},
					{
						"name": "get-api-key-from-key-vault",
						"type": "WebActivity",
						"dependsOn": [],
						"policy": {
							"timeout": "0.12:00:00",
							"retry": 0,
							"retryIntervalInSeconds": 30,
							"secureOutput": true,
							"secureInput": false
						},
						"userProperties": [],
						"typeProperties": {
							"method": "GET",
							"url": "https://postgressql.vault.azure.net/secrets/aviationstack-api-key/dffd9f0f081941a39c9f197b29ac50fe?api-version=7.0",
							"authentication": {
								"type": "MSI",
								"resource": "https://vault.azure.net"
							}
						}
					}
				],
				"variables": {
					"kk": {
						"type": "String"
					}
				},
				"annotations": [],
				"lastPublishTime": "2024-12-17T15:29:03Z"
			},
			"dependsOn": [
				"[concat(variables('factoryId'), '/datasets/apiinputdataset')]",
				"[concat(variables('factoryId'), '/datasets/apioutput')]"
			]
		},
		{
			"name": "[concat(parameters('factoryName'), '/Json1')]",
			"type": "Microsoft.DataFactory/factories/datasets",
			"apiVersion": "2018-06-01",
			"properties": {
				"linkedServiceName": {
					"referenceName": "[parameters('AzureDataLakeStorage1')]",
					"type": "LinkedServiceReference"
				},
				"annotations": [],
				"type": "Json",
				"typeProperties": {
					"location": {
						"type": "AzureBlobFSLocation",
						"fileName": "spark_paths.json",
						"fileSystem": "utilies"
					}
				},
				"schema": {}
			},
			"dependsOn": []
		},
		{
			"name": "[concat(parameters('factoryName'), '/start-postgreSQL')]",
			"type": "Microsoft.DataFactory/factories/pipelines",
			"apiVersion": "2018-06-01",
			"properties": {
				"activities": [
					{
						"name": "Lookupdemo",
						"type": "Lookup",
						"dependsOn": [],
						"policy": {
							"timeout": "0.12:00:00",
							"retry": 0,
							"retryIntervalInSeconds": 30,
							"secureOutput": false,
							"secureInput": false
						},
						"userProperties": [],
						"typeProperties": {
							"source": {
								"type": "PostgreSqlV2Source",
								"query": "select table_schema, table_name from information_schema.tables where table_schema= 'public'"
							},
							"dataset": {
								"referenceName": "PostgreSqlTable2",
								"type": "DatasetReference"
							},
							"firstRowOnly": false
						}
					},
					{
						"name": "ForEachdemo",
						"type": "ForEach",
						"dependsOn": [
							{
								"activity": "Lookupdemo",
								"dependencyConditions": [
									"Succeeded"
								]
							}
						],
						"userProperties": [],
						"typeProperties": {
							"items": {
								"value": "@activity('Lookupdemo').output.value",
								"type": "Expression"
							},
							"isSequential": true,
							"activities": [
								{
									"name": "Append variable1",
									"type": "AppendVariable",
									"dependsOn": [],
									"userProperties": [],
									"typeProperties": {
										"variableName": "tables",
										"value": {
											"value": "@item().table_name",
											"type": "Expression"
										}
									}
								}
							]
						}
					},
					{
						"name": "Filter1",
						"type": "Filter",
						"dependsOn": [
							{
								"activity": "ForEachdemo",
								"dependencyConditions": [
									"Succeeded"
								]
							}
						],
						"userProperties": [],
						"typeProperties": {
							"items": {
								"value": "@variables('tables')",
								"type": "Expression"
							},
							"condition": {
								"value": "@not(empty(item()))",
								"type": "Expression"
							}
						}
					},
					{
						"name": "ForEach1",
						"type": "ForEach",
						"dependsOn": [
							{
								"activity": "Filter1",
								"dependencyConditions": [
									"Succeeded"
								]
							}
						],
						"userProperties": [],
						"typeProperties": {
							"items": {
								"value": "@activity('Filter1').output.value",
								"type": "Expression"
							},
							"isSequential": true,
							"activities": [
								{
									"name": "Execute Pipeline1",
									"type": "ExecutePipeline",
									"dependsOn": [],
									"policy": {
										"secureInput": false
									},
									"userProperties": [],
									"typeProperties": {
										"pipeline": {
											"referenceName": "ingest-postgreSQL-pipeline",
											"type": "PipelineReference"
										},
										"waitOnCompletion": true,
										"parameters": {
											"table_name": {
												"value": "@item()",
												"type": "Expression"
											}
										}
									}
								}
							]
						}
					}
				],
				"variables": {
					"tables": {
						"type": "Array",
						"defaultValue": []
					}
				},
				"annotations": [],
				"lastPublishTime": "2024-12-17T14:11:28Z"
			},
			"dependsOn": [
				"[concat(variables('factoryId'), '/datasets/PostgreSqlTable2')]",
				"[concat(variables('factoryId'), '/pipelines/ingest-postgreSQL-pipeline')]"
			]
		},
		{
			"name": "[concat(parameters('factoryName'), '/move data to sql')]",
			"type": "Microsoft.DataFactory/factories/pipelines",
			"apiVersion": "2018-06-01",
			"properties": {
				"activities": [
					{
						"name": "flight Copy data from data lake to sql",
						"type": "Copy",
						"dependsOn": [],
						"policy": {
							"timeout": "0.12:00:00",
							"retry": 0,
							"retryIntervalInSeconds": 30,
							"secureOutput": false,
							"secureInput": false
						},
						"userProperties": [],
						"typeProperties": {
							"source": {
								"type": "ParquetSource",
								"storeSettings": {
									"type": "AzureBlobFSReadSettings",
									"recursive": true,
									"wildcardFolderPath": "sampleDatasets/flights2",
									"wildcardFileName": "*.parquet",
									"enablePartitionDiscovery": false
								},
								"formatSettings": {
									"type": "ParquetReadSettings"
								}
							},
							"sink": {
								"type": "AzureSqlSink",
								"writeBehavior": "upsert",
								"upsertSettings": {
									"useTempDB": true,
									"keys": [
										"Date"
									]
								},
								"sqlWriterUseTableLock": false,
								"disableMetricsCollection": false
							},
							"enableStaging": false,
							"translator": {
								"type": "TabularTranslator",
								"typeConversion": true,
								"typeConversionSettings": {
									"allowDataTruncation": true,
									"treatBooleanAsNumber": false
								}
							}
						},
						"inputs": [
							{
								"referenceName": "Parquet1",
								"type": "DatasetReference"
							}
						],
						"outputs": [
							{
								"referenceName": "AzureSqlTable1",
								"type": "DatasetReference",
								"parameters": {
									"table": "dim_flight"
								}
							}
						]
					},
					{
						"name": "airport Copy data from data lake to sql_copy1",
						"type": "Copy",
						"dependsOn": [],
						"policy": {
							"timeout": "0.12:00:00",
							"retry": 0,
							"retryIntervalInSeconds": 30,
							"secureOutput": false,
							"secureInput": false
						},
						"userProperties": [],
						"typeProperties": {
							"source": {
								"type": "ParquetSource",
								"storeSettings": {
									"type": "AzureBlobFSReadSettings",
									"recursive": true,
									"wildcardFolderPath": "sampleDatasets/airport",
									"wildcardFileName": "*.parquet",
									"enablePartitionDiscovery": false
								},
								"formatSettings": {
									"type": "ParquetReadSettings"
								}
							},
							"sink": {
								"type": "AzureSqlSink",
								"writeBatchSize": 10000,
								"writeBehavior": "upsert",
								"upsertSettings": {
									"useTempDB": true,
									"keys": [
										"code"
									]
								},
								"sqlWriterUseTableLock": true,
								"disableMetricsCollection": false
							},
							"enableStaging": false,
							"translator": {
								"type": "TabularTranslator",
								"mappings": [
									{
										"source": {
											"name": "code",
											"type": "String",
											"physicalType": "UTF8"
										},
										"sink": {
											"name": "code",
											"type": "String",
											"physicalType": "varchar"
										}
									},
									{
										"source": {
											"name": "description",
											"type": "String",
											"physicalType": "UTF8"
										},
										"sink": {
											"name": "description",
											"type": "String",
											"physicalType": "varchar"
										}
									},
									{
										"source": {
											"name": "city",
											"type": "String",
											"physicalType": "UTF8"
										},
										"sink": {
											"name": "city",
											"type": "String",
											"physicalType": "varchar"
										}
									},
									{
										"source": {
											"name": "state",
											"type": "String",
											"physicalType": "UTF8"
										},
										"sink": {
											"name": "state",
											"type": "String",
											"physicalType": "varchar"
										}
									},
									{
										"source": {
											"name": "airport_name",
											"type": "String",
											"physicalType": "UTF8"
										},
										"sink": {
											"name": "airport_name",
											"type": "String",
											"physicalType": "varchar"
										}
									}
								],
								"typeConversion": true,
								"typeConversionSettings": {
									"allowDataTruncation": true,
									"treatBooleanAsNumber": false
								}
							}
						},
						"inputs": [
							{
								"referenceName": "Parquet1",
								"type": "DatasetReference"
							}
						],
						"outputs": [
							{
								"referenceName": "AzureSqlTable1",
								"type": "DatasetReference",
								"parameters": {
									"table": "dim_airport"
								}
							}
						]
					},
					{
						"name": "sendemail",
						"type": "Copy",
						"dependsOn": [],
						"policy": {
							"timeout": "0.12:00:00",
							"retry": 0,
							"retryIntervalInSeconds": 30,
							"secureOutput": false,
							"secureInput": false
						},
						"userProperties": [],
						"typeProperties": {
							"source": {
								"type": "ExcelSource",
								"storeSettings": {
									"type": "AzureBlobFSReadSettings",
									"recursive": true,
									"enablePartitionDiscovery": false
								}
							},
							"sink": {
								"type": "AzureSqlSink",
								"writeBehavior": "upsert",
								"upsertSettings": {
									"useTempDB": true,
									"keys": [
										"Email_ID"
									]
								},
								"sqlWriterUseTableLock": false,
								"disableMetricsCollection": false
							},
							"enableStaging": false,
							"translator": {
								"type": "TabularTranslator",
								"mappings": [
									{
										"source": {
											"name": "type",
											"type": "String",
											"physicalType": "String"
										},
										"sink": {
											"name": "type",
											"type": "String",
											"physicalType": "varchar"
										}
									},
									{
										"source": {
											"name": "Email_ID",
											"type": "String",
											"physicalType": "String"
										},
										"sink": {
											"name": "Email_ID",
											"type": "String",
											"physicalType": "varchar"
										}
									}
								],
								"typeConversion": true,
								"typeConversionSettings": {
									"allowDataTruncation": true,
									"treatBooleanAsNumber": false
								}
							}
						},
						"inputs": [
							{
								"referenceName": "send_emailExcel1",
								"type": "DatasetReference"
							}
						],
						"outputs": [
							{
								"referenceName": "AzureSqlEMAILsend",
								"type": "DatasetReference"
							}
						]
					},
					{
						"name": "trigger send email",
						"type": "WebActivity",
						"dependsOn": [
							{
								"activity": "sendemail",
								"dependencyConditions": [
									"Succeeded"
								]
							}
						],
						"policy": {
							"timeout": "0.12:00:00",
							"retry": 0,
							"retryIntervalInSeconds": 30,
							"secureOutput": false,
							"secureInput": false
						},
						"userProperties": [],
						"typeProperties": {
							"method": "POST",
							"url": "https://prod-19.centralindia.logic.azure.com:443/workflows/bd9b049749c44edbbf838813b193125d/triggers/When_a_HTTP_request_is_received/paths/invoke?api-version=2016-10-01&sp=%2Ftriggers%2FWhen_a_HTTP_request_is_received%2Frun&sv=1.0&sig=6DOvI-UPCXpI5nkAO-emPFxZkulH9MnoOjuJP4eEPJw"
						}
					}
				],
				"variables": {
					"tables": {
						"type": "Array"
					},
					"catalog": {
						"type": "String"
					}
				},
				"annotations": []
			},
			"dependsOn": [
				"[concat(variables('factoryId'), '/datasets/Parquet1')]",
				"[concat(variables('factoryId'), '/datasets/AzureSqlTable1')]",
				"[concat(variables('factoryId'), '/datasets/send_emailExcel1')]",
				"[concat(variables('factoryId'), '/datasets/AzureSqlEMAILsend')]"
			]
		},
		{
			"name": "[concat(parameters('factoryName'), '/apiinputdataset')]",
			"type": "Microsoft.DataFactory/factories/datasets",
			"apiVersion": "2018-06-01",
			"properties": {
				"linkedServiceName": {
					"referenceName": "[parameters('AviationStackAPI')]",
					"type": "LinkedServiceReference"
				},
				"parameters": {
					"AccessKey": {
						"type": "string"
					}
				},
				"annotations": [],
				"type": "RestResource",
				"typeProperties": {
					"relativeUrl": {
						"value": "flights?access_key=@{dataset().AccessKey}",
						"type": "Expression"
					}
				},
				"schema": []
			},
			"dependsOn": []
		},
		{
			"name": "[concat(parameters('factoryName'), '/apioutput')]",
			"type": "Microsoft.DataFactory/factories/datasets",
			"apiVersion": "2018-06-01",
			"properties": {
				"linkedServiceName": {
					"referenceName": "[parameters('AzureDataLakeStorage1')]",
					"type": "LinkedServiceReference"
				},
				"annotations": [],
				"type": "Json",
				"typeProperties": {
					"location": {
						"type": "AzureBlobFSLocation",
						"fileName": {
							"value": "@concat(formatDateTime(utcNow(),'yyyy-MM-dd'),'/','JSON-',utcNow())",
							"type": "Expression"
						},
						"folderPath": "Api-response-raw",
						"fileSystem": "bronzelayer"
					}
				},
				"schema": {}
			},
			"dependsOn": []
		},
		{
			"name": "[concat(parameters('factoryName'), '/pyspark')]",
			"type": "Microsoft.DataFactory/factories/pipelines",
			"apiVersion": "2018-06-01",
			"properties": {
				"activities": [
					{
						"name": "allNotebooks",
						"type": "DatabricksNotebook",
						"dependsOn": [],
						"policy": {
							"timeout": "0.12:00:00",
							"retry": 0,
							"retryIntervalInSeconds": 30,
							"secureOutput": false,
							"secureInput": false
						},
						"userProperties": [],
						"typeProperties": {
							"notebookPath": "/myProject/master-pipeline",
							"baseParameters": {
								"layer_path": {
									"value": "@pipeline().parameters.layer_path",
									"type": "Expression"
								}
							}
						},
						"linkedServiceName": {
							"referenceName": "[parameters('AzureDatabricks1')]",
							"type": "LinkedServiceReference"
						}
					}
				],
				"parameters": {
					"layer_path": {
						"type": "string"
					}
				},
				"annotations": []
			},
			"dependsOn": []
		},
		{
			"name": "[concat(parameters('factoryName'), '/PostgreSqlTable2')]",
			"type": "Microsoft.DataFactory/factories/datasets",
			"apiVersion": "2018-06-01",
			"properties": {
				"linkedServiceName": {
					"referenceName": "[parameters('PostgreSql1')]",
					"type": "LinkedServiceReference"
				},
				"annotations": [],
				"type": "PostgreSqlV2Table",
				"schema": []
			},
			"dependsOn": []
		},
		{
			"name": "[concat(parameters('factoryName'), '/Parquet1')]",
			"type": "Microsoft.DataFactory/factories/datasets",
			"apiVersion": "2018-06-01",
			"properties": {
				"linkedServiceName": {
					"referenceName": "[parameters('AzureDataLakeStorage1')]",
					"type": "LinkedServiceReference"
				},
				"annotations": [],
				"type": "Parquet",
				"typeProperties": {
					"location": {
						"type": "AzureBlobFSLocation",
						"folderPath": "tmpdata",
						"fileSystem": "goldlayer"
					},
					"compressionCodec": "none"
				},
				"schema": []
			},
			"dependsOn": []
		},
		{
			"name": "[concat(parameters('factoryName'), '/AzureSqlTable1')]",
			"type": "Microsoft.DataFactory/factories/datasets",
			"apiVersion": "2018-06-01",
			"properties": {
				"linkedServiceName": {
					"referenceName": "[parameters('AzureSqlDatabase1')]",
					"type": "LinkedServiceReference"
				},
				"parameters": {
					"table": {
						"type": "string"
					}
				},
				"annotations": [],
				"type": "AzureSqlTable",
				"schema": [],
				"typeProperties": {
					"schema": "dbo",
					"table": {
						"value": "@dataset().table",
						"type": "Expression"
					}
				}
			},
			"dependsOn": []
		},
		{
			"name": "[concat(parameters('factoryName'), '/send_emailExcel1')]",
			"type": "Microsoft.DataFactory/factories/datasets",
			"apiVersion": "2018-06-01",
			"properties": {
				"linkedServiceName": {
					"referenceName": "[parameters('AzureDataLakeStorage1')]",
					"type": "LinkedServiceReference"
				},
				"annotations": [],
				"type": "Excel",
				"typeProperties": {
					"sheetName": "Email_Sheet",
					"location": {
						"type": "AzureBlobFSLocation",
						"fileName": "Email_Send.xlsx",
						"fileSystem": "utilies"
					},
					"firstRowAsHeader": true
				},
				"schema": [
					{
						"type": "String"
					},
					{
						"type": "String"
					}
				]
			},
			"dependsOn": []
		},
		{
			"name": "[concat(parameters('factoryName'), '/AzureSqlEMAILsend')]",
			"type": "Microsoft.DataFactory/factories/datasets",
			"apiVersion": "2018-06-01",
			"properties": {
				"linkedServiceName": {
					"referenceName": "[parameters('AzureSqlDatabase1')]",
					"type": "LinkedServiceReference"
				},
				"annotations": [],
				"type": "AzureSqlTable",
				"schema": [],
				"typeProperties": {
					"schema": "dbo",
					"table": "email_send"
				}
			},
			"dependsOn": []
		},
		{
			"name": "[concat(parameters('factoryName'), '/ingest-postgreSQL-pipeline')]",
			"type": "Microsoft.DataFactory/factories/pipelines",
			"apiVersion": "2018-06-01",
			"properties": {
				"activities": [
					{
						"name": "ingest-postgreSQL",
						"type": "Copy",
						"dependsOn": [],
						"policy": {
							"timeout": "0.12:00:00",
							"retry": 0,
							"retryIntervalInSeconds": 30,
							"secureOutput": false,
							"secureInput": false
						},
						"userProperties": [],
						"typeProperties": {
							"source": {
								"type": "PostgreSqlV2Source"
							},
							"sink": {
								"type": "DelimitedTextSink",
								"storeSettings": {
									"type": "AzureBlobFSWriteSettings"
								},
								"formatSettings": {
									"type": "DelimitedTextWriteSettings",
									"quoteAllText": true,
									"fileExtension": ".txt"
								}
							},
							"enableStaging": false,
							"translator": {
								"type": "TabularTranslator",
								"typeConversion": true,
								"typeConversionSettings": {
									"allowDataTruncation": true,
									"treatBooleanAsNumber": false
								}
							}
						},
						"inputs": [
							{
								"referenceName": "PostgreSqlTable1",
								"type": "DatasetReference",
								"parameters": {
									"table": {
										"value": "@pipeline().parameters.table_name",
										"type": "Expression"
									}
								}
							}
						],
						"outputs": [
							{
								"referenceName": "postgreSQLOutput",
								"type": "DatasetReference"
							}
						]
					}
				],
				"parameters": {
					"table_name": {
						"type": "string"
					}
				},
				"annotations": [],
				"lastPublishTime": "2024-12-17T14:11:27Z"
			},
			"dependsOn": [
				"[concat(variables('factoryId'), '/datasets/PostgreSqlTable1')]",
				"[concat(variables('factoryId'), '/datasets/postgreSQLOutput')]"
			]
		},
		{
			"name": "[concat(parameters('factoryName'), '/PostgreSqlTable1')]",
			"type": "Microsoft.DataFactory/factories/datasets",
			"apiVersion": "2018-06-01",
			"properties": {
				"linkedServiceName": {
					"referenceName": "[parameters('PostgreSql1')]",
					"type": "LinkedServiceReference"
				},
				"parameters": {
					"table": {
						"type": "string"
					}
				},
				"annotations": [],
				"type": "PostgreSqlV2Table",
				"schema": [],
				"typeProperties": {
					"schema": "public",
					"table": {
						"value": "@dataset().table",
						"type": "Expression"
					}
				}
			},
			"dependsOn": []
		},
		{
			"name": "[concat(parameters('factoryName'), '/postgreSQLOutput')]",
			"type": "Microsoft.DataFactory/factories/datasets",
			"apiVersion": "2018-06-01",
			"properties": {
				"linkedServiceName": {
					"referenceName": "[parameters('AzureDataLakeStorage1')]",
					"type": "LinkedServiceReference"
				},
				"annotations": [],
				"type": "DelimitedText",
				"typeProperties": {
					"location": {
						"type": "AzureBlobFSLocation",
						"fileName": {
							"value": "@concat('postgresOutput_', string(rand(-100, 100)),'-', utcNow())\n",
							"type": "Expression"
						},
						"folderPath": {
							"value": "@concat('postgreSQL-raw/', formatDateTime(utcnow(),'yyyy-MM-dd'))\r\n",
							"type": "Expression"
						},
						"fileSystem": "bronzelayer"
					},
					"columnDelimiter": ",",
					"escapeChar": "\\",
					"firstRowAsHeader": true,
					"quoteChar": "\""
				},
				"schema": []
			},
			"dependsOn": []
		}
	]
}