{
	"$schema": "http://schema.management.azure.com/schemas/2015-01-01/deploymentTemplate.json#",
	"contentVersion": "1.0.0.0",
	"parameters": {
		"factoryName": {
			"type": "string",
			"metadata": "Data Factory name"
		},
		"PostgreSql1": {
			"type": "string"
		},
		"AzureDataLakeStorage1": {
			"type": "string"
		}
	},
	"variables": {
		"factoryId": "[concat('Microsoft.DataFactory/factories/', parameters('factoryName'))]"
	},
	"resources": [
		{
			"name": "[concat(parameters('factoryName'), '/start-postgreSQL')]",
			"type": "Microsoft.DataFactory/factories/pipelines",
			"apiVersion": "2018-06-01",
			"properties": {
				"activities": [
					{
						"name": "Lookupdemo",
						"type": "Lookup",
						"dependsOn": [],
						"policy": {
							"timeout": "0.12:00:00",
							"retry": 0,
							"retryIntervalInSeconds": 30,
							"secureOutput": false,
							"secureInput": false
						},
						"userProperties": [],
						"typeProperties": {
							"source": {
								"type": "PostgreSqlV2Source",
								"query": "select table_schema, table_name from information_schema.tables where table_schema= 'public'"
							},
							"dataset": {
								"referenceName": "PostgreSqlTable2",
								"type": "DatasetReference"
							},
							"firstRowOnly": false
						}
					},
					{
						"name": "ForEachdemo",
						"type": "ForEach",
						"dependsOn": [
							{
								"activity": "Lookupdemo",
								"dependencyConditions": [
									"Succeeded"
								]
							}
						],
						"userProperties": [],
						"typeProperties": {
							"items": {
								"value": "@activity('Lookupdemo').output.value",
								"type": "Expression"
							},
							"isSequential": true,
							"activities": [
								{
									"name": "Append variable1",
									"type": "AppendVariable",
									"dependsOn": [],
									"userProperties": [],
									"typeProperties": {
										"variableName": "tables",
										"value": {
											"value": "@item().table_name",
											"type": "Expression"
										}
									}
								}
							]
						}
					},
					{
						"name": "Filter1",
						"type": "Filter",
						"dependsOn": [
							{
								"activity": "ForEachdemo",
								"dependencyConditions": [
									"Succeeded"
								]
							}
						],
						"userProperties": [],
						"typeProperties": {
							"items": {
								"value": "@variables('tables')",
								"type": "Expression"
							},
							"condition": {
								"value": "@not(empty(item()))",
								"type": "Expression"
							}
						}
					},
					{
						"name": "ForEach1",
						"type": "ForEach",
						"dependsOn": [
							{
								"activity": "Filter1",
								"dependencyConditions": [
									"Succeeded"
								]
							}
						],
						"userProperties": [],
						"typeProperties": {
							"items": {
								"value": "@activity('Filter1').output.value",
								"type": "Expression"
							},
							"isSequential": true,
							"activities": [
								{
									"name": "Execute Pipeline1",
									"type": "ExecutePipeline",
									"dependsOn": [],
									"policy": {
										"secureInput": false
									},
									"userProperties": [],
									"typeProperties": {
										"pipeline": {
											"referenceName": "ingest-postgreSQL-pipeline",
											"type": "PipelineReference"
										},
										"waitOnCompletion": true,
										"parameters": {
											"table_name": {
												"value": "@item()",
												"type": "Expression"
											}
										}
									}
								}
							]
						}
					}
				],
				"variables": {
					"tables": {
						"type": "Array",
						"defaultValue": []
					}
				},
				"annotations": [],
				"lastPublishTime": "2024-12-17T14:11:28Z"
			},
			"dependsOn": [
				"[concat(variables('factoryId'), '/datasets/PostgreSqlTable2')]",
				"[concat(variables('factoryId'), '/pipelines/ingest-postgreSQL-pipeline')]"
			]
		},
		{
			"name": "[concat(parameters('factoryName'), '/PostgreSqlTable2')]",
			"type": "Microsoft.DataFactory/factories/datasets",
			"apiVersion": "2018-06-01",
			"properties": {
				"linkedServiceName": {
					"referenceName": "[parameters('PostgreSql1')]",
					"type": "LinkedServiceReference"
				},
				"annotations": [],
				"type": "PostgreSqlV2Table",
				"schema": []
			},
			"dependsOn": []
		},
		{
			"name": "[concat(parameters('factoryName'), '/ingest-postgreSQL-pipeline')]",
			"type": "Microsoft.DataFactory/factories/pipelines",
			"apiVersion": "2018-06-01",
			"properties": {
				"activities": [
					{
						"name": "ingest-postgreSQL",
						"type": "Copy",
						"dependsOn": [],
						"policy": {
							"timeout": "0.12:00:00",
							"retry": 0,
							"retryIntervalInSeconds": 30,
							"secureOutput": false,
							"secureInput": false
						},
						"userProperties": [],
						"typeProperties": {
							"source": {
								"type": "PostgreSqlV2Source"
							},
							"sink": {
								"type": "DelimitedTextSink",
								"storeSettings": {
									"type": "AzureBlobFSWriteSettings"
								},
								"formatSettings": {
									"type": "DelimitedTextWriteSettings",
									"quoteAllText": true,
									"fileExtension": ".txt"
								}
							},
							"enableStaging": false,
							"translator": {
								"type": "TabularTranslator",
								"typeConversion": true,
								"typeConversionSettings": {
									"allowDataTruncation": true,
									"treatBooleanAsNumber": false
								}
							}
						},
						"inputs": [
							{
								"referenceName": "PostgreSqlTable1",
								"type": "DatasetReference",
								"parameters": {
									"table": {
										"value": "@pipeline().parameters.table_name",
										"type": "Expression"
									}
								}
							}
						],
						"outputs": [
							{
								"referenceName": "postgreSQLOutput",
								"type": "DatasetReference"
							}
						]
					}
				],
				"parameters": {
					"table_name": {
						"type": "string"
					}
				},
				"annotations": [],
				"lastPublishTime": "2024-12-17T14:11:27Z"
			},
			"dependsOn": [
				"[concat(variables('factoryId'), '/datasets/PostgreSqlTable1')]",
				"[concat(variables('factoryId'), '/datasets/postgreSQLOutput')]"
			]
		},
		{
			"name": "[concat(parameters('factoryName'), '/PostgreSqlTable1')]",
			"type": "Microsoft.DataFactory/factories/datasets",
			"apiVersion": "2018-06-01",
			"properties": {
				"linkedServiceName": {
					"referenceName": "[parameters('PostgreSql1')]",
					"type": "LinkedServiceReference"
				},
				"parameters": {
					"table": {
						"type": "string"
					}
				},
				"annotations": [],
				"type": "PostgreSqlV2Table",
				"schema": [],
				"typeProperties": {
					"schema": "public",
					"table": {
						"value": "@dataset().table",
						"type": "Expression"
					}
				}
			},
			"dependsOn": []
		},
		{
			"name": "[concat(parameters('factoryName'), '/postgreSQLOutput')]",
			"type": "Microsoft.DataFactory/factories/datasets",
			"apiVersion": "2018-06-01",
			"properties": {
				"linkedServiceName": {
					"referenceName": "[parameters('AzureDataLakeStorage1')]",
					"type": "LinkedServiceReference"
				},
				"annotations": [],
				"type": "DelimitedText",
				"typeProperties": {
					"location": {
						"type": "AzureBlobFSLocation",
						"fileName": {
							"value": "@concat('postgresOutput_', string(rand(-100, 100)),'-', utcNow())\n",
							"type": "Expression"
						},
						"folderPath": {
							"value": "@concat('postgreSQL-raw/', formatDateTime(utcnow(),'yyyy-MM-dd'))\r\n",
							"type": "Expression"
						},
						"fileSystem": "bronzelayer"
					},
					"columnDelimiter": ",",
					"escapeChar": "\\",
					"firstRowAsHeader": true,
					"quoteChar": "\""
				},
				"schema": []
			},
			"dependsOn": []
		}
	]
}